{
  "categorias": [
    {
      "id": "cat-camisas",
      "nombre": "Camisas",
      "descripcion": "Playeras y camisetas oficiales"
    },
    {
      "id": "cat-zapatos",
      "nombre": "Zapatos",
      "descripcion": "Calzado tem\u00e1tico F1"
    },
    {
      "id": "cat-funkos",
      "nombre": "Funkos",
      "descripcion": "Figuras coleccionables"
    },
    {
      "id": "cat-carritos",
      "nombre": "Carritos a escala",
      "descripcion": "Modelos 1:18 / 1:43"
    },
    {
      "id": "cat-chumpas",
      "nombre": "Chumpas",
      "descripcion": "Chaquetas de equipos"
    },
    {
      "id": "cat-sudaderos",
      "nombre": "Sudaderos",
      "descripcion": "Hoodies y su\u00e9teres"
    },
    {
      "id": "cat-gorras",
      "nombre": "Gorras",
      "descripcion": "Caps oficiales"
    }
  ],
  "productos": [
    {
      "id": "prd-1",
      "nombre": "Camisa Red Bull 2025",
      "precio": 299.0,
      "categoriaId": "cat-camisas",
      "equipo": "Red Bull",
      "descripcion": "Camisa oficial temporada 2025"
    },
    {
      "id": "prd-2",
      "nombre": "Gorra Ferrari Scuderia",
      "precio": 199.0,
      "categoriaId": "cat-gorras",
      "equipo": "Ferrari",
      "descripcion": "Gorra curva con escudo bordado"
    },
    {
      "id": "prd-3",
      "nombre": "Funko Max #1",
      "precio": 149.0,
      "categoriaId": "cat-funkos",
      "equipo": "Red Bull",
      "descripcion": "Figura coleccionable piloto"
    },
    {
      "id": "prd-4",
      "nombre": "Carrito McLaren MCL60 1:18",
      "precio": 999.0,
      "categoriaId": "cat-carritos",
      "equipo": "McLaren",
      "descripcion": "Modelo a escala premium"
    },
    {
      "id": "prd-5",
      "nombre": "Sudadero Mercedes AMG",
      "precio": 449.0,
      "categoriaId": "cat-sudaderos",
      "equipo": "Mercedes",
      "descripcion": "Hoodie con logo AMG"
    },
    {
      "id": "prd-6",
      "nombre": "Chumpa Ferrari Team",
      "precio": 799.0,
      "categoriaId": "cat-chumpas",
      "equipo": "Ferrari",
      "descripcion": "Chaqueta ligera oficial"
    },
    {
      "id": "prd-7",
      "nombre": "Zapatos McLaren Street",
      "precio": 599.0,
      "categoriaId": "cat-zapatos",
      "equipo": "McLaren",
      "descripcion": "Sneakers edici\u00f3n limitada"
    }
  ],
  "equipos": [
    "Red Bull",
    "McLaren",
    "Mercedes",
    "Ferrari"
  ]
}